CountryCode,Alpha2Code,CurrencyUnit,SpecialNotes,Region,IncomeGroup,NationalAccountsBaseYear,NationalAccountsReferenceYear,SnaPriceValuation,LendingCategory,OtherGroups,PppSurveyYear,ExternalDebtReportingStatus,SystemOfTrade,GovernmentAccountingConcept,LatestPopulationCensus,VitalRegistrationComplete,LatestAgriculturalCensus,LatestIndustrialData,LatestTradeData,LatestWaterWithdrawalData,CountryName,CountryLongName,TypeOfSystemOfNationalAccounts,Edition,BalanceOfPaymentsManual,LatestHouseholdSurveys,LatestHouseholdSurveysDate,SourceOfMostRecentIncome,ExpDataOfMostSourceRecentIncome
AFG,AF,Afghan afghani,Fiscal year end: March 20; reporting period for national accounts data: FY (from 2013 are CY). National accounts data are sourced from the IMF and differ from the Central Statistics Organization numbers due to exclusion of the opium economy.,South Asia,Low income,2002,0,VAB,IDA,HIPC,0,Actual,General trade system,Consolidated central government,1979,Unknown,2013,0,2013,2000,Afghanistan,Islamic State of Afghanistan,1993,Unknown,Unknown,MICS,2010,IHS,2008
ALB,AL,Albanian lek,,Europe & Central Asia,Upper middle income,1996,1996,VAB,IBRD,,0,Actual,General trade system,Budgetary central government,2011,Yes,2012,2011,2013,2006,Albania,Republic of Albania,1993,6th,IMF,DHS,2008,LSMS,2011
DZA,DZ,Algerian dinar,,Middle East & North Africa,Upper middle income,1980,0,VAB,IBRD,,2011,Actual,Special trade system,Budgetary central government,2008,Unknown,0,2010,2013,2001,Algeria,People's Democratic Republic of Algeria,1968,6th,IMF,MICS,2012,IHS,1995
ASM,AS,U.S. dollar,,East Asia & Pacific,Upper middle income,0,0,,,,2011,Unknown,Special trade system,Unknown,2010,Yes,2007,0,0,0,American Samoa,American Samoa,1968,Unknown,Unknown,Unknown,0,Unknown,0
ADO,AD,Euro,,Europe & Central Asia,High income: nonOECD,2000,0,VAB,,,0,Unknown,Special trade system,Unknown,2011,Yes,0,0,2006,0,Andorra,Principality of Andorra,1968,Unknown,Unknown,Unknown,0,Unknown,0
AGO,AO,Angolan kwanza,"April 2013 database update: Based on IMF data, national accounts data were revised for 2000 onward; the base year changed to 2002.",Sub-Saharan Africa,Upper middle income,2002,0,VAP,IBRD,,2011,Actual,Special trade system,Budgetary central government,2014,Unknown,2015,0,0,2005,Angola,People's Republic of Angola,1993,6th,IMF,MIS,2011,IHS,2008
ATG,AG,East Caribbean dollar,"April 2012 database update: Based on official government statistics, national accounts data were revised for 2000 onward; the base year changed to 2006.",Latin America & Caribbean,High income: nonOECD,2006,0,VAB,IBRD,,2011,Unknown,General trade system,Budgetary central government,2011,Yes,2007,0,2013,2005,Antigua and Barbuda,Antigua and Barbuda,1968,6th,IMF,Unknown,0,Unknown,0
ARG,AR,Argentine peso,The base year has changed to 2004.,Latin America & Caribbean,High income: nonOECD,2004,0,VAB,IBRD,,0,Actual,Special trade system,Consolidated central government,2010,Yes,2013,2002,2013,2011,Argentina,Argentine Republic,2008,6th,IMF,MICS,2011,IHS,2012
ARM,AM,Armenian dram,,Europe & Central Asia,Lower middle income,1996,1996,VAB,IBRD,,2011,Actual,Special trade system,Consolidated central government,2011,Yes,2013,2008,2013,2012,Armenia,Republic of Armenia,1993,6th,IMF,DHS,2010,IHS,2012
ABW,AW,Aruban florin,SNA data for 2000-2011 are updated from official government statistics; 1994-1999 from UN databases. Base year has changed from 1995 to 2000.,Latin America & Caribbean,High income: nonOECD,2000,0,VAB,,,2011,Unknown,Special trade system,Unknown,2010,Yes,0,0,2012,0,Aruba,Aruba,1993,6th,IMF,Unknown,0,Unknown,0
AUS,AU,Australian dollar,Fiscal year end: June 30; reporting period for national accounts data: FY. Value added current series updated by the Australian Bureau of Statistics; data revised from 1990 onward; Australia reports using SNA 2008.,East Asia & Pacific,High income: OECD,2013,2013,VAB,,,2011,Unknown,General trade system,Consolidated central government,2011,Yes,2011,2011,2013,2000,Australia,Commonwealth of Australia,2008,6th,IMF,Unknown,0,ES/BS,2003
AUT,AT,Euro,"A simple multiplier is used to convert the national currencies of EMU members to euros. The following irrevocable euro conversion rate was adopted by the EU Council on January 1, 1999: 1 euro = 13.7603 Austrian schilling. Please note that historical data before 1999 are not actual euros and are not comparable or suitable for aggregation across countries.",Europe & Central Asia,High income: OECD,2010,2010,VAB,,Euro area,0,Unknown,Special trade system,Consolidated central government,2011,Yes,2010,2010,2013,2002,Austria,Republic of Austria,2008,6th,IMF,Unknown,0,IHS,2004
AZE,AZ,New Azeri manat,April 2012 database update: National accounts historical expenditure series in constant prices were revised in line with State Statistical Committee data that were not previously available.,Europe & Central Asia,Upper middle income,2000,0,VAB,IBRD,,2011,Actual,General trade system,Consolidated central government,2009,Yes,2015,2011,2013,2012,Azerbaijan,Republic of Azerbaijan,1993,6th,IMF,DHS,2006,LSMS,2011
BHR,BH,Bahraini dinar,Based on official government statistics; the new base year is 2010.,Middle East & North Africa,High income: nonOECD,2010,0,VAP,,,2011,Unknown,General trade system,Budgetary central government,2010,Yes,0,2010,2011,2003,Bahrain,Kingdom of Bahrain,1968,6th,IMF,Unknown,0,Unknown,0
BGD,BD,Bangladeshi taka,Fiscal year end: June 30; reporting period for national accounts data: FY. The new base year is 2005/06.,South Asia,Lower middle income,2005,0,VAB,IDA,,2011,Preliminary,General trade system,Consolidated central government,2011,Unknown,2008,0,2007,2008,Bangladesh,People's Republic of Bangladesh,1993,6th,IMF,DHS,2014,IHS,2010
BRB,BB,Barbados dollar,,Latin America & Caribbean,High income: nonOECD,1974,0,VAP,,,2011,Unknown,General trade system,Budgetary central government,2010,Yes,2010,0,2013,2005,Barbados,Barbados,1993,6th,IMF,MICS,2012,Unknown,0
BLR,BY,Belarusian rubel,,Europe & Central Asia,Upper middle income,2000,2000,VAB,IBRD,,2011,Actual,General trade system,Consolidated central government,2009,Yes,0,2011,2013,2000,Belarus,Republic of Belarus,1993,6th,IMF,MICS,2012,IHS,2013
BEL,BE,Euro,"A simple multiplier is used to convert the national currencies of EMU members to euros. The following irrevocable euro conversion rate was adopted by the EU Council on January 1, 1999: 1 euro = 40.3399 Belgian franc. Please note that historical data before 1999 are not actual euros and are not comparable or suitable for aggregation across countries.",Europe & Central Asia,High income: OECD,2010,2010,VAB,,Euro area,0,Unknown,Special trade system,Consolidated central government,2011,Yes,2010,2010,2013,2007,Belgium,Kingdom of Belgium,2008,6th,IMF,Unknown,0,IHS,2000
BLZ,BZ,Belize dollar,,Latin America & Caribbean,Upper middle income,2000,0,VAB,IBRD,,2011,Actual,General trade system,Budgetary central government,2010,Unknown,0,0,2013,2000,Belize,Belize,1993,6th,IMF,MICS,2011,LFS,1999
BEN,BJ,West African CFA franc,,Sub-Saharan Africa,Low income,2007,0,VAB,IDA,HIPC,2011,Actual,Special trade system,Budgetary central government,2013,Unknown,2011,0,2013,2001,Benin,Republic of Benin,1968,6th,IMF,MICS,2014,CWIQ,2011
BMU,BM,Bermuda dollar,,North America,High income: nonOECD,2006,0,VAB,,,2011,Unknown,General trade system,Unknown,2010,Yes,0,0,2013,0,Bermuda,The Bermudas,1993,6th,IMF,Unknown,0,Unknown,0
BTN,BT,Bhutanese ngultrum,April 2013 database update: Data were updated using the government of Bhutan macroeconomic framework.,South Asia,Lower middle income,2000,0,VAB,IDA,,2011,Actual,General trade system,Consolidated central government,2005,Unknown,2009,0,2011,2008,Bhutan,Kingdom of Bhutan,1993,6th,IMF,MICS,2010,IHS,2012
BOL,BO,Bolivian Boliviano,,Latin America & Caribbean,Lower middle income,1990,0,VAB,Blend,HIPC,2011,Actual,General trade system,Consolidated central government,2012,Unknown,2013,0,2013,2000,Bolivia,Plurinational State of Bolivia,1968,6th,IMF,DHS,2008,IHS,2012
BIH,BA,Bosnia and Herzegovina convertible mark,Based on official government statistics for chain linked series; the new reference year is 2010.,Europe & Central Asia,Upper middle income,2010,2010,VAB,IBRD,,0,Actual,Special trade system,Consolidated central government,2013,Yes,0,0,2013,2012,Bosnia and Herzegovina,Bosnia and Herzegovina,1993,6th,IMF,MICS,2011,LSMS,2007
BWA,BW,Botswana pula,"Fiscal year end: March 31; reporting period for national accounts data: CY. Based on official government statistics, national accounts data have been revised from 2006 onward; the new base year is 2006. Data before 2006 were reported on a fiscal year basis.",Sub-Saharan Africa,Upper middle income,2006,0,VAB,IBRD,,2011,Estimate,General trade system,Budgetary central government,2011,Unknown,2011,2011,2013,2000,Botswana,Republic of Botswana,1993,6th,IMF,MICS,2000,ES/BS,2009
BRA,BR,Brazilian real,,Latin America & Caribbean,Upper middle income,1995,2000,VAB,IBRD,,2011,Actual,General trade system,Consolidated central government,2010,Unknown,2006,2011,2013,2010,Brazil,Federative Republic of Brazil,1993,6th,IMF,WHS,2003,IHS,2012
BRN,BN,Brunei dollar,,East Asia & Pacific,High income: nonOECD,2000,0,VAP,,,2011,Unknown,Special trade system,Unknown,2011,Yes,0,0,2013,1994,Brunei,Brunei Darussalam,1993,Unknown,Unknown,Unknown,0,Unknown,0
BGR,BG,Bulgarian lev,The new reference year for chain linked series is 2010. April 2011 database update: The National Statistical Office revised national accounts data from 1995 onward. GDP in current prices were about 4 percent higher than previous estimates.,Europe & Central Asia,Upper middle income,2010,2010,VAB,IBRD,,0,Actual,Special trade system,Consolidated central government,2011,Yes,2010,2011,2013,2009,Bulgaria,Republic of Bulgaria,1993,6th,IMF,LSMS,2007,ES/BS,2012
BFA,BF,West African CFA franc,,Sub-Saharan Africa,Low income,1999,0,VAB,IDA,HIPC,2011,Actual,General trade system,Budgetary central government,2006,Unknown,2010,0,2013,2005,Burkina Faso,Burkina Faso,1993,6th,IMF,MIS,2014,CWIQ,2009
BDI,BI,Burundi franc,,Sub-Saharan Africa,Low income,2005,0,VAB,IDA,HIPC,2011,Actual,Special trade system,Consolidated central government,2008,Unknown,0,2010,2012,2000,Burundi,Republic of Burundi,1993,6th,IMF,MIS,2012,CWIQ,2006
CPV,CV,Cabo Verde escudo,"Cabo Verde is the new name for the country previously listed as Cape Verde. Based on official government statistics and IMF data, national accounts data have been revised from 1990 onward; the new base year is 2007.",Sub-Saharan Africa,Lower middle income,2007,0,VAP,Blend,,2011,Actual,General trade system,Budgetary central government,2010,Yes,2014,0,2013,2001,Cabo Verde,Republic of Cabo Verde,1993,6th,IMF,DHS,2005,CWIQ,2007
KHM,KH,Cambodian riel,,East Asia & Pacific,Low income,2000,0,VAB,IDA,,2011,Actual,Special trade system,Budgetary central government,2008,Unknown,2013,0,2013,2006,Cambodia,Kingdom of Cambodia,1993,6th,IMF,DHS,2014,IHS,2011
CMR,CM,Central African CFA franc,,Sub-Saharan Africa,Lower middle income,2000,0,VAB,Blend,HIPC,2011,Actual,Special trade system,Budgetary central government,2005,Unknown,0,0,2012,2000,Cameroon,Republic of Cameroon,1993,6th,IMF,MICS,2014,PS,2007
CAN,CA,Canadian dollar,Fiscal year end: March 31; reporting period for national accounts data: CY.,North America,High income: OECD,2010,2010,VAB,,,2011,Unknown,General trade system,Consolidated central government,2011,Yes,2011,2011,2013,1986,Canada,Canada,2008,6th,IMF,Unknown,0,LFS,2010
CYM,KY,Cayman Islands dollar,,Latin America & Caribbean,High income: nonOECD,2007,0,,,,2011,Unknown,General trade system,Unknown,2010,Yes,0,0,0,0,Cayman Islands,Cayman Islands,1993,Unknown,Unknown,Unknown,0,Unknown,0
CAF,CF,Central African CFA franc,,Sub-Saharan Africa,Low income,2000,0,VAB,IDA,HIPC,2011,Actual,Special trade system,Budgetary central government,2003,Unknown,0,0,2011,2005,Central African Republic,Central African Republic,1968,6th,IMF,MICS,2010,PS,2008
TCD,TD,Central African CFA franc,"Based on IMF data, national accounts data have been revised for 2005 onward; the new base year is 2005.",Sub-Saharan Africa,Low income,2005,0,VAB,IDA,HIPC,2011,Estimate,Special trade system,Unknown,2009,Unknown,2010,0,1995,2005,Chad,Republic of Chad,1993,6th,IMF,DHS,2014,PS,2011
CHL,CL,Chilean peso,,Latin America & Caribbean,High income: OECD,2008,0,VAB,IBRD,,2011,Unknown,Special trade system,Consolidated central government,2012,Yes,2007,0,2013,2006,Chile,Republic of Chile,1993,6th,IMF,Unknown,0,IHS,2011
CHN,CN,Chinese yuan,"On 1 July 1997 China resumed its exercise of sovereignty over Hong Kong; and on 20 December 1999 China resumed its exercise of sovereignty over Macao. Unless otherwise noted, data for China do not include data for Hong Kong SAR, China; Macao SAR, China; or Taiwan, China. Based on data from the National Bureau of Statistics, the methodology for national accounts exports and imports of goods and services in constant prices have been revised from 2000 onward.",East Asia & Pacific,Upper middle income,2000,0,VAP,IBRD,,2011,Preliminary,Special trade system,Consolidated central government,2010,Unknown,2007,2007,2013,2005,China,People's Republic of China,1993,6th,IMF,NSS,2013,IHS,2012
COL,CO,Colombian peso,,Latin America & Caribbean,Upper middle income,2005,0,VAB,IBRD,,2011,Actual,General trade system,Consolidated central government,2006,Unknown,2013,2011,2013,2008,Colombia,Republic of Colombia,1993,6th,IMF,DHS,2010,IHS,2012
COM,KM,Comorian franc,,Sub-Saharan Africa,Low income,1990,0,VAP,IDA,HIPC,2011,Actual,Special trade system,Unknown,2003,Unknown,0,0,2009,1999,Comoros,Union of the Comoros,1968,Unknown,Unknown,DHS,2012,IHS,2004
COG,CG,Central African CFA franc,"April 2013 database update: Based on IMF data, national accounts data were revised for 1990 onward; the base year changed to 1990.",Sub-Saharan Africa,Lower middle income,1990,0,VAP,Blend,HIPC,2011,Actual,Special trade system,Consolidated central government,2007,Unknown,2013,2009,2013,2002,Congo,Republic of Congo,1968,6th,IMF,DHS,2011,CWIQ,2011
CRI,CR,Costa Rican colon,,Latin America & Caribbean,Upper middle income,1991,0,VAB,IBRD,,2011,Actual,Special trade system,Consolidated central government,2011,Yes,2014,2011,2013,2013,Costa Rica,Republic of Costa Rica,1993,6th,IMF,MICS,2011,IHS,2012
CIV,CI,West African CFA franc,The new base year is 2009.,Sub-Saharan Africa,Lower middle income,2009,0,VAP,IDA,HIPC,2011,Actual,Special trade system,Budgetary central government,2014,Unknown,2014,0,2013,2005,Côte d'Ivoire,Republic of Côte d'Ivoire,1968,6th,IMF,DHS,2011,IHS,2008
HRV,HR,Croatian kuna,"The new reference year for chain linked series is 2010. April 2013 database update: Based on official government statistics, the base year for constant price series changed to 2005.",Europe & Central Asia,High income: nonOECD,2010,2010,VAB,IBRD,,0,Unknown,General trade system,Consolidated central government,2011,Yes,2010,0,2013,2010,Croatia,Republic of Croatia,1993,6th,IMF,WHS,2003,IHS,2011
CUB,CU,Cuban peso,,Latin America & Caribbean,Upper middle income,1997,2005,VAB,,,2011,Unknown,Special trade system,Unknown,2012,Yes,0,0,2006,2007,Cuba,Republic of Cuba,1993,Unknown,Unknown,MICS,2014,Unknown,0
CUW,CW,Netherlands Antillean guilder,,Latin America & Caribbean,High income: nonOECD,0,0,,,,2011,Unknown,Unknown,Unknown,2011,Yes,0,2010,0,0,Curaçao,Curaçao,1993,Unknown,Unknown,Unknown,0,Unknown,0
CYP,CY,Euro,"A simple multiplier is used to convert the national currencies of EMU members to euros. The following irrevocable euro conversion rate entered into force on January 1, 2008: 1 euro = 0.585274 Cyprus pounds. Please note that historical data are not actual euros and are not comparable or suitable for aggregation across countries.",Europe & Central Asia,High income: nonOECD,2005,2005,VAB,,Euro area,0,Unknown,General trade system,Consolidated central government,2011,Yes,2010,2011,2013,2009,Cyprus,Republic of Cyprus,1993,6th,IMF,Unknown,0,Unknown,0
CZE,CZ,Czech koruna,,Europe & Central Asia,High income: OECD,2010,2010,VAB,,,0,Unknown,Special trade system,Consolidated central government,2011,Yes,2010,2010,2013,2007,Czech Republic,Czech Republic,2008,6th,IMF,WHS,2003,IHS,2012
PRK,KP,Democratic People's Republic of Korean won,,East Asia & Pacific,Low income,0,0,,,,0,Unknown,Unknown,Unknown,2008,Unknown,0,0,0,2005,Dem. People's Rep. Korea,Democratic People's Republic of Korea,1968,6th,IMF,MICS,2009,Unknown,0
ZAR,CD,Congolese franc,Based on official government statistics; the new base year 2005.,Sub-Saharan Africa,Low income,2005,0,VAB,IDA,HIPC,2011,Preliminary,Special trade system,Consolidated central government,1984,Unknown,0,0,0,2005,Dem. Rep. Congo,Democratic Republic of the Congo,1968,6th,IMF,DHS,2013,Unknown,2005
DNK,DK,Danish krone,,Europe & Central Asia,High income: OECD,2010,2010,VAB,,,0,Unknown,Special trade system,Consolidated central government,2011,Yes,2010,2010,2013,2009,Denmark,Kingdom of Denmark,2008,6th,IMF,Unknown,0,ITR,2010
DJI,DJ,Djibouti franc,,Middle East & North Africa,Lower middle income,1990,0,VAB,IDA,,2011,Actual,General trade system,Unknown,2009,Unknown,0,0,2009,2000,Djibouti,Republic of Djibouti,1968,6th,IMF,MICS,2006,PS,2002
DMA,DM,East Caribbean dollar,"April 2012 database update: Based on official government statistics, national accounts data were revised for 2000 onward; the base year changed to 2006.",Latin America & Caribbean,Upper middle income,2006,0,VAB,Blend,,2011,Actual,Special trade system,Budgetary central government,2011,Yes,0,0,2012,2004,Dominica,Commonwealth of Dominica,1993,6th,IMF,Unknown,0,Unknown,0
DOM,DO,Dominican peso,,Latin America & Caribbean,Upper middle income,2007,0,VAB,IBRD,,2011,Actual,General trade system,Consolidated central government,2010,Unknown,2012,0,2012,2005,Dominican Republic,Dominican Republic,1993,6th,IMF,MICS,2014,IHS,2012
ECU,EC,U.S. dollar,National accounts have been revised from 1965 onward based on official government data; the new base year is 2007. The large upward changes are due to an improved calculation method for nominal GDP.,Latin America & Caribbean,Upper middle income,2007,0,VAB,IBRD,,2011,Actual,General trade system,Budgetary central government,2010,Unknown,2013,2008,2013,2005,Ecuador,Republic of Ecuador,2008,6th,IMF,RHS,2004,IHS,2013
EGY,EG,Egyptian pound,Fiscal year end: June 30; reporting period for national accounts data: FY. The new base year is 2001/02.,Middle East & North Africa,Lower middle income,2001,0,VAB,IBRD,,2011,Actual,General trade system,Consolidated central government,2006,Yes,2009,2010,2013,2000,Egypt,Arab Republic of Egypt,1993,6th,IMF,DHS,2014,ES/BS,2011
SLV,SV,U.S. dollar,,Latin America & Caribbean,Lower middle income,1990,0,VAB,IBRD,,2011,Actual,Special trade system,Consolidated central government,2007,Yes,2007,0,2013,2005,El Salvador,Republic of El Salvador,1968,6th,IMF,MICS,2014,IHS,2012
GNQ,GQ,Central African CFA franc,National accounts have been revised from 1980 onward based on IMF data and official government statistics; the new base year is 2006.,Sub-Saharan Africa,High income: nonOECD,2006,0,VAB,IBRD,,2011,Unknown,General trade system,Budgetary central government,2002,Unknown,0,0,0,2000,Equatorial Guinea,Republic of Equatorial Guinea,1968,Unknown,Unknown,DHS,2011,PS,2006
ERI,ER,Eritrean nakfa,"April 2013 database update: Based on IMF data, national accounts data were revised for 2000 onward; the base year changed to 2000.",Sub-Saharan Africa,Low income,2000,0,VAB,IDA,HIPC,0,Estimate,Unknown,Unknown,1984,Unknown,0,2011,2003,2004,Eritrea,State of Eritrea,1968,6th,IMF,DHS,2002,PS,1993
EST,EE,Euro,"A simple multiplier is used to convert the national currencies of EMU members to euros. The following irrevocable euro conversion rate entered into force on January 1, 2011: 1 euro = 15.6466 Estonian kroon. Please note that historical data are not actual euros and are not comparable or suitable for aggregation across countries.",Europe & Central Asia,High income: OECD,2010,2010,VAB,,Euro area,0,Unknown,Special trade system,Consolidated central government,2012,Yes,2010,2011,2013,2007,Estonia,Republic of Estonia,2008,6th,IMF,WHS,2003,IHS,2011
ETH,ET,Ethiopian birr,"Fiscal year end: July 7; reporting period for national accounts data: FY. Based on IMF data, national accounts data have been revised for 2000 onward; the new base year is 2010/11.",Sub-Saharan Africa,Low income,2010,0,VAB,IDA,HIPC,2011,Actual,General trade system,Budgetary central government,2007,Unknown,0,2009,2013,2002,Ethiopia,Federal Democratic Republic of Ethiopia,1993,6th,IMF,HIV,2014,ES/BS,2010
FRO,FO,Danish krone,,Europe & Central Asia,High income: nonOECD,0,0,VAB,,,0,Unknown,General trade system,Unknown,2011,Yes,0,0,2009,0,Faeroe Islands,Faeroe Islands,1993,6th,IMF,Unknown,0,Unknown,0
FJI,FJ,Fijian dollar,"Based on data from the Bureau of Statistics, national accounts data on the expenditure side have been revised from 2005 onward; the new base year is 2005.",East Asia & Pacific,Upper middle income,2005,0,VAB,IBRD,,2011,Actual,General trade system,Budgetary central government,2007,Yes,2009,2010,2013,2000,Fiji,Republic of Fiji,1993,6th,IMF,Unknown,0,ES/BS,2008
FIN,FI,Euro,"A simple multiplier is used to convert the national currencies of EMU members to euros. The following irrevocable euro conversion rate was adopted by the EU Council on January 1, 1999: 1 euro = 5.94573 Finnish markka. Please note that historical data before 1999 are not actual euros and are not comparable or suitable for aggregation across countries.",Europe & Central Asia,High income: OECD,2010,2010,VAB,,Euro area,0,Unknown,General trade system,Consolidated central government,2010,Yes,2010,2010,2013,2005,Finland,Republic of Finland,2008,6th,IMF,Unknown,0,IHS,2010
FRA,FR,Euro,"A simple multiplier is used to convert the national currencies of EMU members to euros. The following irrevocable euro conversion rate was adopted by the EU Council on January 1, 1999: 1 euro = 6.55957 French franc. Please note that historical data before 1999 are not actual euros and are not comparable or suitable for aggregation across countries.",Europe & Central Asia,High income: OECD,2010,2010,VAB,,Euro area,0,Unknown,Special trade system,Consolidated central government,2006,Yes,2010,2010,2013,2007,France,French Republic,2008,6th,IMF,Unknown,0,ES/BS,2005
PYF,PF,CFP franc,,East Asia & Pacific,High income: nonOECD,1990,0,,,,2011,Unknown,Special trade system,Unknown,2007,Yes,0,0,2013,0,French Polynesia,French Polynesia,1993,Unknown,Unknown,Unknown,0,Unknown,0
GAB,GA,Central African CFA franc,Based on IMF data and official government statistics; the new base year is 2001.,Sub-Saharan Africa,Upper middle income,2001,0,VAB,IBRD,,2011,Estimate,Special trade system,Unknown,2013,Unknown,0,0,2009,2005,Gabon,Gabonese Republic,1993,6th,IMF,DHS,2012,CWIQ,2005
GEO,GE,Georgian lari,,Europe & Central Asia,Lower middle income,1996,1996,VAB,IBRD,,2011,Actual,General trade system,Consolidated central government,2002,Yes,0,2011,2013,2008,Georgia,Georgia,1993,6th,IMF,MICS,2005,IHS,2012
DEU,DE,Euro,"A simple multiplier is used to convert the national currencies of EMU members to euros. The following irrevocable euro conversion rate was adopted by the EU Council on January 1, 1999: 1 euro = 1.95583 German mark. Please note that historical data before 1999 are not actual euros and are not comparable or suitable for aggregation across countries.",Europe & Central Asia,High income: OECD,2010,2010,VAB,,Euro area,0,Unknown,Special trade system,Consolidated central government,2011,Yes,2010,2010,2013,2007,Germany,Federal Republic of Germany,2008,6th,IMF,Unknown,0,IHS,2010
GHA,GH,New Ghanaian cedi,"In 2010, the Ghana Statistical Service revised the base year for Ghana's national accounts series from 1993 to 2006. The new GDP data were about 60 percent higher than previously reported and incorporated improved data sources and methodology.",Sub-Saharan Africa,Lower middle income,2006,0,VAB,IDA,HIPC,2011,Actual,General trade system,Budgetary central government,2010,Unknown,2013,2003,2013,2000,Ghana,Republic of Ghana,1993,6th,IMF,DHS,2014,LSMS,2012
GRC,GR,Euro,"A simple multiplier is used to convert the national currencies of EMU members to euros. The following irrevocable euro conversion rate was adopted by the EU Council on January 1, 1999: 1 euro = 340.75 Greek drachma. Please note that historical data before 1999 are not actual euros and are not comparable or suitable for aggregation across countries.",Europe & Central Asia,High income: OECD,2010,2010,VAB,,Euro area,0,Unknown,Special trade system,Consolidated central government,2011,Yes,2009,2007,2013,2007,Greece,Hellenic Republic,2008,6th,IMF,Unknown,0,IHS,2010
GRL,GL,Danish krone,,Europe & Central Asia,High income: nonOECD,1990,0,,,,0,Unknown,General trade system,Unknown,2010,Yes,0,0,2013,0,Greenland,Greenland,1993,Unknown,Unknown,Unknown,0,Unknown,0
GRD,GD,East Caribbean dollar,"April 2012 database update: Based on official government statistics, national accounts data were revised for 2000 onward; the base year changed to 2006.",Latin America & Caribbean,Upper middle income,2006,0,VAB,Blend,,2011,Actual,Special trade system,Budgetary central government,2011,Yes,2012,0,2009,2005,Grenada,Grenada,1968,6th,IMF,RHS,1985,Unknown,0
GUM,GU,U.S. dollar,,East Asia & Pacific,High income: nonOECD,0,0,,,,2011,Unknown,General trade system,Unknown,2010,Yes,2007,0,0,0,Guam,Guam,1993,Unknown,Unknown,Unknown,0,Unknown,0
GTM,GT,Guatemalan quetzal,,Latin America & Caribbean,Lower middle income,2001,0,VAB,IBRD,,2011,Actual,Special trade system,Budgetary central government,2002,Yes,2013,0,2013,2006,Guatemala,Republic of Guatemala,1993,6th,IMF,RHS,2008,LSMS,2011
GIN,GN,Guinean franc,,Sub-Saharan Africa,Low income,2003,0,VAB,IDA,HIPC,2011,Actual,Special trade system,Budgetary central government,2014,Unknown,0,0,2008,2001,Guinea,Republic of Guinea,1993,6th,IMF,DHS,2012,CWIQ,2012
GNB,GW,West African CFA franc,"In 2010, national accounts data for 2003-09 were revised. The new data had broader coverage of all sectors of the economy, and GDP in current prices averaged 89 percent higher than previous estimates.",Sub-Saharan Africa,Low income,2005,0,VAB,IDA,HIPC,2011,Estimate,General trade system,Unknown,2009,Unknown,0,0,2005,2000,Guinea-Bissau,Republic of Guinea-Bissau,1993,6th,IMF,MICS,2014,CWIQ,2010
GUY,GY,Guyana dollar,"In 2010, the Bureau of Statistics introduced a new series of GDP rebased to year 2006. Current price GDP averaged 63 percent higher than previous estimates.",Latin America & Caribbean,Lower middle income,2006,0,VAB,IDA,HIPC,0,Actual,Special trade system,Unknown,2012,Unknown,0,0,2013,2010,Guyana,Co-operative Republic of Guyana,1993,6th,IMF,MICS,2014,IHS,1998
HTI,HT,Haitian gourde,"Fiscal year end: September 30; reporting period for national accounts data: FY. In 2010, the government revised national accounts data following changes in the methodology. Current price series since 1991 and constant price series since 1996 were revised.",Latin America & Caribbean,Low income,1986,0,VAB,IDA,HIPC,2011,Actual,General trade system,Unknown,2003,Unknown,2008,0,1997,2000,Haiti,Republic of Haiti,1968,6th,IMF,HIV,2013,IHS,2012
HND,HN,Honduran lempira,,Latin America & Caribbean,Lower middle income,2000,0,VAB,IDA,HIPC,2011,Actual,Special trade system,Consolidated central government,2013,Unknown,2013,0,2012,2003,Honduras,Republic of Honduras,1993,6th,IMF,DHS,2011,IHS,2013
HUN,HU,Hungarian forint,"April 2012 database update: Based on data from the Organisation for Economic Co-operation and Development, national accounts data were revised for 1991 onward.",Europe & Central Asia,High income: OECD,2010,2010,VAB,,,0,Actual,Special trade system,Consolidated central government,2011,Yes,2010,2010,2013,2007,Hungary,Hungary,2008,6th,IMF,WHS,2003,IHS,2012
ISL,IS,Iceland krona,,Europe & Central Asia,High income: OECD,2010,2010,VAB,,,0,Unknown,General trade system,Consolidated central government,2011,Yes,2010,2005,2013,2005,Iceland,Republic of Iceland,2008,6th,IMF,Unknown,0,IHS,2010
IND,IN,Indian rupee,Fiscal year end: March 31; reporting period for national accounts data: FY. Based on official government statistics; the new base year is 2011/12. India reports using SNA 2008.,South Asia,Lower middle income,2011,0,VAB,IBRD,,2011,Actual,General trade system,Consolidated central government,2011,Unknown,2011,2010,2013,2010,India,Republic of India,2008,6th,IMF,DHS,2005,IHS,2011
IDN,ID,Indonesian rupiah,Fiscal year end: March 31; reporting period for national accounts data: CY. Data for Indonesia include Timor-Leste through 1999 unless otherwise noted. New base year is 2010.,East Asia & Pacific,Lower middle income,2010,0,VAB,IBRD,,2011,Actual,Special trade system,Budgetary central government,2010,Unknown,2013,2011,2013,2000,Indonesia,Republic of Indonesia,1993,6th,IMF,DHS,2012,IHS,2013
IRN,IR,Iranian rial,Fiscal year end: March 20; reporting period for national accounts data: FY.,Middle East & North Africa,Upper middle income,2004,0,VAB,IBRD,,2011,Actual,Special trade system,Consolidated central government,2011,Yes,2013,2010,2011,2004,Iran,Islamic Republic of Iran,1993,6th,IMF,Unknown,2010,ES/BS,2005
IRQ,IQ,Iraqi dinar,,Middle East & North Africa,Upper middle income,2007,0,VAP,IBRD,,2011,Unknown,Unknown,Unknown,1997,Unknown,2011,2011,0,2000,Iraq,Republic of Iraq,1968,6th,IMF,MICS,2011,IHS,2012
IRL,IE,Euro,"A simple multiplier is used to convert the national currencies of EMU members to euros. The following irrevocable euro conversion rate was adopted by the EU Council on January 1, 1999: 1 euro = 0.787564 Irish pound. Please note that historical data before 1999 are not actual euros and are not comparable or suitable for aggregation across countries.",Europe & Central Asia,High income: OECD,2010,2010,VAB,,Euro area,0,Unknown,General trade system,Consolidated central government,2011,Yes,2010,2010,2013,1979,Ireland,Ireland,2008,6th,IMF,Unknown,0,IHS,2010
IMY,IM,Pound sterling,,Europe & Central Asia,High income: nonOECD,2003,0,,,,0,Unknown,Unknown,Unknown,2011,Yes,0,0,0,0,Isle of Man,Isle of Man,1968,Unknown,Unknown,Unknown,0,Unknown,0
ISR,IL,Israeli new shekel,Based on official government statistics for chain linked series; the new reference year is 2010.,Middle East & North Africa,High income: OECD,2010,2010,VAP,,,2011,Unknown,Special trade system,Consolidated central government,2009,Yes,0,2010,2013,2004,Israel,State of Israel,2008,6th,IMF,Unknown,0,ES/BS,2010
ITA,IT,Euro,"A simple multiplier is used to convert the national currencies of EMU members to euros. The following irrevocable euro conversion rate was adopted by the EU Council on January 1, 1999: 1 euro = 1936.27 Italian lira. Please note that historical data before 1999 are not actual euros and are not comparable or suitable for aggregation across countries.",Europe & Central Asia,High income: OECD,2010,2010,VAB,,Euro area,0,Unknown,Special trade system,Consolidated central government,2012,Yes,2010,2010,2013,2000,Italy,Italian Republic,2008,6th,IMF,Unknown,0,IS,2010
JAM,JM,Jamaican dollar,"April 2013 database update: Based on official government statistics, national accounts data were revised for 2002 onward; the base year changed to 2007.",Latin America & Caribbean,Upper middle income,2007,0,VAB,IBRD,,2011,Actual,General trade system,Consolidated central government,2011,Unknown,2007,0,2013,1993,Jamaica,Jamaica,1993,6th,IMF,MICS,2011,LSMS,2010
JPN,JP,Japanese yen,Fiscal year end: March 31; reporting period for national accounts data: CY.,East Asia & Pacific,High income: OECD,2010,2010,VAB,,,2011,Unknown,General trade system,Consolidated central government,2010,Yes,2010,2010,2013,2001,Japan,Japan,1993,6th,IMF,Unknown,0,IHS,2008
JOR,JO,Jordanian dinar,,Middle East & North Africa,Upper middle income,1994,0,VAB,IBRD,,2011,Actual,General trade system,Unknown,2004,Unknown,2007,2011,2013,2005,Jordan,Hashemite Kingdom of Jordan,1968,6th,IMF,DHS,2012,ES/BS,2010
KAZ,KZ,Kazakh tenge,The new reference year for chain linked series is 2005.,Europe & Central Asia,Upper middle income,2005,2005,VAB,IBRD,,2011,Actual,General trade system,Consolidated central government,2009,Yes,0,0,2013,2010,Kazakhstan,Republic of Kazakhstan,1993,6th,IMF,MICS,2010,ES/BS,2013
KEN,KE,Kenyan shilling,Fiscal year end: June 30; reporting period for national accounts data: CY. Based on official government statistics; the new base year is 2009.,Sub-Saharan Africa,Lower middle income,2009,0,VAB,IDA,,2011,Actual,General trade system,Budgetary central government,2009,Unknown,2009,2011,2010,2003,Kenya,Republic of Kenya,1993,6th,IMF,DHS,2014,IHS,2005
KIR,KI,Australian dollar,"Based on IMF and World Bank data, GDP in current and constant prices have been revised from 2000 onward. Value added components are calculated using shares from the Asian Development Bank.",East Asia & Pacific,Lower middle income,2006,0,VAB,IDA,,2011,Unknown,General trade system,Budgetary central government,2010,Unknown,0,0,2012,0,Kiribati,Republic of Kiribati,1993,6th,IMF,KDHS,2009,Unknown,0
KOR,KR,Korean won,The new base year is 2010. GDP data are available from 1970 onward while components are revised from 2000 onward only. Historical data in constant prices are linked to preserve growth rates.,East Asia & Pacific,High income: OECD,2010,0,VAB,IBRD,,2011,Unknown,General trade system,Consolidated central government,2010,Yes,2010,2009,2013,2002,Korea,Republic of Korea,2008,6th,IMF,Unknown,0,ES/BS,1998
KSV,XK,Euro,"Kosovo became a World Bank member on June 29, 2009. Since 1999, Kosovo has been a territory under international administration pursuant to UN Security Council Resolution 1244 (1999).",Europe & Central Asia,Lower middle income,2008,0,VAB,IDA,,0,Actual,Unknown,Unknown,2011,Unknown,0,0,0,0,Kosovo,Republic of Kosovo,1993,Unknown,Unknown,MICS,2013,IHS,2011
KWT,KW,Kuwaiti dinar,Fiscal year end: June 30; reporting period for national accounts data: CY. Based on official government statistics; the new base year is 2010.,Middle East & North Africa,High income: nonOECD,2010,0,VAB,,,2011,Unknown,Special trade system,Budgetary central government,2011,Yes,0,2011,2013,2002,Kuwait,State of Kuwait,1968,6th,IMF,FHS,1996,Unknown,0
KGZ,KG,Kyrgyz som,,Europe & Central Asia,Lower middle income,1995,1995,VAB,IDA,HIPC,2011,Actual,Special trade system,Budgetary central government,2009,Yes,2014,2010,2013,2006,Kyrgyz Republic,Kyrgyz Republic,1993,6th,IMF,MICS,2014,ES/BS,2013
LVA,LV,Euro,"A simple multiplier is used to convert the national currencies of EMU members to euros. The following irrevocable euro conversion rate entered into force on January 1, 2014: 1 euro = 0.702804 Latvian lats. Please note that historical data are not actual euros and are not comparable or suitable for aggregation across countries.",Europe & Central Asia,High income: nonOECD,2010,2010,VAB,,Euro area,0,Unknown,Special trade system,Consolidated central government,2011,Yes,2010,2011,2013,2002,Latvia,Republic of Latvia,2008,6th,IMF,WHS,2003,IHS,2012
LBN,LB,Lebanese pound,,Middle East & North Africa,Upper middle income,1997,0,VAB,IBRD,,2011,Actual,General trade system,Budgetary central government,1943,Yes,2011,2007,2013,2005,Lebanon,Lebanese Republic,1993,6th,IMF,FHS,2004,Unknown,0
LSO,LS,Lesotho loti,Fiscal year end: March 31; reporting period for national accounts data: CY.,Sub-Saharan Africa,Lower middle income,2004,0,VAB,IDA,,2011,Actual,General trade system,Consolidated central government,2006,Unknown,2010,0,2009,2000,Lesotho,Kingdom of Lesotho,1993,6th,IMF,DHS,2014,ES/BS,2010
LBR,LR,U.S. dollar,National accounts local currency data have been revised to be reported in U.S. dollars.,Sub-Saharan Africa,Low income,2000,0,VAP,IDA,HIPC,2011,Actual,Special trade system,Budgetary central government,2008,Unknown,2008,0,0,2000,Liberia,Republic of Liberia,1968,6th,IMF,DHS,2013,CWIQ,2007
LBY,LY,Libyan dinar,National accounts data are revised from 2010 to 2013 based on IMF and World Bank staff estimates.,Middle East & North Africa,Upper middle income,2003,0,VAB,IBRD,,0,Unknown,General trade system,Unknown,2006,Unknown,2013,0,2010,2000,Libya,Socialist People's Libyan Arab Jamahiriya,1993,6th,IMF,FHS,2007,Unknown,0
LIE,LI,Swiss franc,,Europe & Central Asia,High income: nonOECD,1990,0,VAB,,,0,Unknown,Special trade system,Unknown,2010,Yes,0,0,0,0,Liechtenstein,Principality of Liechtenstein,1993,Unknown,Unknown,Unknown,0,Unknown,0
LTU,LT,Euro,"A simple multiplier is used to convert the national currencies of EMU members to euros. The following irrevocable euro conversion rate entered into force on January 1, 2015: 1 euro = 3.45280 Lithuanian litas. Please note that historical data are not actual euros and are not comparable or suitable for aggregation across countries.",Europe & Central Asia,High income: nonOECD,2010,2010,VAB,,Euro area,0,Unknown,General trade system,Consolidated central government,2011,Yes,2010,2011,2013,2007,Lithuania,Republic of Lithuania,2008,6th,IMF,Unknown,0,ES/BS,2012
LUX,LU,Euro,"A simple multiplier is used to convert the national currencies of EMU members to euros. The following irrevocable euro conversion rate was adopted by the EU Council on January 1, 1999: 1 euro = 40.3399 Luxembourg franc. Please note that historical data before 1999 are not actual euros and are not comparable or suitable for aggregation across countries.",Europe & Central Asia,High income: OECD,2010,2010,VAB,,Euro area,0,Unknown,Special trade system,Consolidated central government,2011,Yes,2010,2010,2013,1999,Luxembourg,Grand Duchy of Luxembourg,2008,6th,IMF,Unknown,0,Unknown,0
MKD,MK,Macedonian denar,New base year is 2005.,Europe & Central Asia,Upper middle income,2005,0,VAB,IBRD,,0,Actual,Special trade system,Consolidated central government,2002,Yes,2007,2010,2013,2007,Macedonia,Former Yugoslav Republic of Macedonia,1993,6th,IMF,MICS,2011,ES/BS,2010
MDG,MG,Malagasy ariary,,Sub-Saharan Africa,Low income,1984,0,VAB,IDA,HIPC,2011,Actual,Special trade system,Consolidated central government,1993,Unknown,0,2006,2013,2000,Madagascar,Republic of Madagascar,1968,6th,IMF,MIS,2013,PS,2010
MWI,MW,Malawi kwacha,"Fiscal year end: March 31; reporting period for national accounts data: CY. Based on IMF data, national accounts data have been revised for 2000 onward; the new base year is 2009.",Sub-Saharan Africa,Low income,2009,0,VAB,IDA,HIPC,2011,Actual,General trade system,Unknown,2008,Unknown,2006,2010,2013,2005,Malawi,Republic of Malawi,1993,6th,IMF,MIS,2014,IHS,2010
MYS,MY,Malaysian ringgit,,East Asia & Pacific,Upper middle income,2010,0,VAP,IBRD,,2011,Estimate,General trade system,Budgetary central government,2010,Yes,2015,2010,2013,2005,Malaysia,Malaysia,1993,6th,IMF,WHS,2003,IS,2012
MDV,MV,Maldivian rufiyaa,April 2012 database update: The Department of National Planning revised national accounts data for 2000 onward; the base year changed to 2003.,South Asia,Upper middle income,2003,0,VAB,IDA,,2011,Actual,General trade system,Consolidated central government,2014,Yes,0,0,2013,2008,Maldives,Republic of Maldives,1993,6th,IMF,DHS,2009,IHS,2010
MLI,ML,West African CFA franc,,Sub-Saharan Africa,Low income,1987,0,VAB,IDA,HIPC,2011,Actual,Special trade system,Budgetary central government,2009,Unknown,0,0,2012,2006,Mali,Republic of Mali,1968,6th,IMF,DHS,2012,IHS,2009
MLT,MT,Euro,"A simple multiplier is used to convert the national currencies of EMU members to euros. The following irrevocable euro conversion rate entered into force on January 1, 2008: 1 euro = 0.4293 Maltese lira. Please note that historical data are not actual euros and are not comparable or suitable for aggregation across countries.",Middle East & North Africa,High income: nonOECD,2005,2005,VAB,,Euro area,0,Unknown,General trade system,Consolidated central government,2011,Yes,2010,2009,2013,2002,Malta,Republic of Malta,1993,6th,IMF,Unknown,0,Unknown,0
MHL,MH,U.S. dollar,Fiscal year ends on September 30; reporting period for national accounts data: FY.,East Asia & Pacific,Upper middle income,2003,0,VAB,IDA,,2011,Unknown,General trade system,Unknown,2011,Unknown,2011,0,0,0,Marshall Islands,Republic of the Marshall Islands,1968,Unknown,Unknown,Unknown,2007,IHS,1999
MRT,MR,Mauritanian ouguiya,Based on official statistics from the Ministry of Economic Affairs and Development; the base year has been returned to 2004.,Sub-Saharan Africa,Lower middle income,2004,0,VAB,IDA,HIPC,2011,Actual,Special trade system,Unknown,2013,Unknown,0,0,2013,2005,Mauritania,Islamic Republic of Mauritania,1993,6th,IMF,MICS,2011,IHS,2008
MUS,MU,Mauritian rupee,,Sub-Saharan Africa,Upper middle income,2006,0,VAB,IBRD,,2011,Actual,General trade system,Unknown,2011,Yes,2013,2011,2013,2003,Mauritius,Republic of Mauritius,1993,6th,IMF,WHS,2003,IHS,2012
MEX,MX,Mexican peso,The new base year is 2008.,Latin America & Caribbean,Upper middle income,2008,0,VAB,IBRD,,2011,Actual,General trade system,Consolidated central government,2010,Unknown,2007,2010,2013,2011,Mexico,United Mexican States,2008,6th,IMF,Unknown,2009,IHS,2012
FSM,FM,U.S. dollar,"Fiscal year ends on September 30; reporting period for national accounts data: FY. Based on the Pacific and Virgin Islands Training Initiative, national accounts data have been revised from 2009 onward. 2013 estimates are based on the IMF Small States Monitor, Issue 1.2014. In 2010, the government statistical office revised national accounts data for 1995-2008.",East Asia & Pacific,Lower middle income,2003,0,VAB,IDA,,2011,Unknown,Unknown,Unknown,2010,Unknown,0,0,0,0,Micronesia,Federated States of Micronesia,1993,Unknown,Unknown,Unknown,0,IHS,2000
MDA,MD,Moldovan leu,,Europe & Central Asia,Lower middle income,1996,1996,VAB,Blend,,2011,Actual,General trade system,Consolidated central government,2014,Yes,2011,2011,2013,2007,Moldova,Republic of Moldova,1993,6th,IMF,MICS,2012,ES/BS,2012
MCO,MC,Euro,,Europe & Central Asia,High income: nonOECD,1990,0,,,,0,Unknown,Special trade system,Unknown,2008,Yes,0,0,0,2009,Monaco,Principality of Monaco,1993,Unknown,Unknown,Unknown,0,Unknown,0
MNG,MN,Mongolian tugrik,The new base year is 2010.,East Asia & Pacific,Upper middle income,2010,0,VAB,Blend,,2011,Actual,General trade system,Consolidated central government,2010,Yes,2012,2011,2013,2009,Mongolia,Mongolia,1993,6th,IMF,MICS,2013,LSMS,2012
MNE,ME,Euro,"Montenegro declared independence from Serbia and Montenegro on June 3, 2006. Where available, data for each country are shown separately. However, for Serbia, some indicators continue to include data for Montenegro through 2005.",Europe & Central Asia,Upper middle income,2000,0,VAB,IBRD,,0,Actual,Special trade system,Unknown,2011,Yes,2010,0,2013,2010,Montenegro,Montenegro,1993,6th,IMF,MICS,2013,ES/BS,2013
MAR,MA,Moroccan dirham,,Middle East & North Africa,Lower middle income,2007,0,VAB,IBRD,,2011,Actual,Special trade system,Consolidated central government,2014,Unknown,2012,2010,2012,2000,Morocco,Kingdom of Morocco,1993,6th,IMF,MICS,2006,ES/BS,2007
MOZ,MZ,New Mozambican metical,Based on official government statistics; the new base year is 2009.,Sub-Saharan Africa,Low income,2009,0,VAB,IDA,HIPC,2011,Actual,Special trade system,Budgetary central government,2007,Unknown,2009,0,2013,2001,Mozambique,Republic of Mozambique,1993,6th,IMF,DHS,2011,ES/BS,2008
MMR,MM,Myanmar kyat,Fiscal year end: March 31; reporting period for national accounts data: FY.,East Asia & Pacific,Lower middle income,2005,0,VAP,IDA,,2011,Estimate,General trade system,Consolidated central government,2014,Unknown,2010,0,2010,2000,Myanmar,Republic of the Union of Myanmar,1968,6th,IMF,MICS,2009,Unknown,0
NAM,,Namibian dollar,"Fiscal year end: March 31; reporting period for national accounts data: CY. Based on official government statistics, national accounts data have been revised from 1980 onward; the new base year is 2010.",Sub-Saharan Africa,Upper middle income,2010,0,VAB,IBRD,,2011,Unknown,General trade system,Budgetary central government,2011,Unknown,2014,0,2013,2002,Namibia,Republic of Namibia,1993,6th,IMF,DHS,2013,ES/BS,2009
NPL,NP,Nepalese rupee,Fiscal year end: July 14; reporting period for national accounts data: FY.,South Asia,Low income,2000,0,VAB,IDA,,2011,Actual,General trade system,Budgetary central government,2011,Unknown,2011,2008,2013,2006,Nepal,Nepal,1993,6th,IMF,MICS,2014,LSMS,2010
NLD,NL,Euro,"A simple multiplier is used to convert the national currencies of EMU members to euros. The following irrevocable euro conversion rate was adopted by the EU Council on January 1, 1999: 1 euro = 2.20371 Netherlands guilder. Please note that historical data before 1999 are not actual euros and are not comparable or suitable for aggregation across countries.",Europe & Central Asia,High income: OECD,2010,2010,VAB,,Euro area,0,Unknown,Special trade system,Consolidated central government,2011,Yes,2010,2010,2013,2008,Netherlands,Kingdom of the Netherlands,2008,6th,IMF,Unknown,0,IHS,2010
NCL,NC,CFP franc,,East Asia & Pacific,High income: nonOECD,1990,0,,,,2011,Unknown,Special trade system,Unknown,2009,Yes,0,0,2012,0,New Caledonia,New Caledonia,1993,Unknown,Unknown,Unknown,0,Unknown,0
NZL,NZ,New Zealand dollar,Fiscal year end: March 31; reporting period for national accounts data: CY.,East Asia & Pacific,High income: OECD,2010,2010,VAB,,,2011,Unknown,General trade system,Consolidated central government,2013,Yes,2012,2010,2013,2002,New Zealand,New Zealand,2008,6th,IMF,Unknown,0,Unknown,0
NIC,NI,Nicaraguan gold cordoba,"April 2013 database update: Based on official government statistics, national accounts data were revised for 1994 onward; the base year changed to 2006.",Latin America & Caribbean,Lower middle income,2006,0,VAB,IDA,HIPC,2011,Actual,General trade system,Budgetary central government,2005,Unknown,2011,0,2013,2011,Nicaragua,Republic of Nicaragua,1993,6th,IMF,RHS,2006,LSMS,2009
NER,NE,West African CFA franc,"Based on official government statistics, national accounts data have been revised from 2006 onward; the new base year is 2006.",Sub-Saharan Africa,Low income,2006,0,VAP,IDA,HIPC,2011,Actual,Special trade system,Budgetary central government,2012,Unknown,2004,2002,2013,2005,Niger,Republic of Niger,1993,6th,IMF,DHS,2012,CWIQ,2011
NGA,NG,Nigerian naira,"Based on official government statistics released 6 April, 2014, national accounts data have been revised from 2010 onward; the new base year is 2010. The new GDP data are 60 to 75 percent higher than previously reported and incorporate improved data sources and methodology. Nigeria reports using SNA 2008.",Sub-Saharan Africa,Lower middle income,2010,0,VAB,Blend,,2011,Actual,General trade system,Budgetary central government,2006,Unknown,2013,0,2013,2005,Nigeria,Federal Republic of Nigeria,2008,6th,IMF,DHS,2013,IHS,2009
MNP,MP,U.S. dollar,,East Asia & Pacific,High income: nonOECD,0,0,,,,2011,Unknown,Unknown,Unknown,2010,Unknown,2007,0,0,0,Northern Mariana Islands,Commonwealth of the Northern Mariana Islands,1968,Unknown,Unknown,Unknown,0,Unknown,0
NOR,NO,Norwegian krone,,Europe & Central Asia,High income: OECD,2010,2010,VAB,,,0,Unknown,General trade system,Consolidated central government,2011,Yes,2010,2010,2013,2006,Norway,Kingdom of Norway,2008,6th,IMF,Unknown,0,IS,2010
OMN,OM,Rial Omani,Based on official government statistics; the new base year is 2010.,Middle East & North Africa,High income: nonOECD,2010,0,VAP,,,2011,Unknown,General trade system,Budgetary central government,2010,Unknown,2012,2010,2013,2003,Oman,Sultanate of Oman,1993,6th,IMF,MICS,2014,Unknown,0
PAK,PK,Pakistani rupee,Fiscal year end: June 30; reporting period for national accounts data: FY. The new base year is 2005/06.,South Asia,Lower middle income,2005,0,VAB,Blend,,2011,Actual,General trade system,Budgetary central government,1998,Unknown,2010,2006,2013,2008,Pakistan,Islamic Republic of Pakistan,1993,6th,IMF,DHS,2012,IHS,2010
PLW,PW,U.S. dollar,Fiscal year ends on September 30; reporting period for national accounts data: FY. National accounts data are revised based on IMF reports.,East Asia & Pacific,Upper middle income,2004,0,VAB,IBRD,,2011,Unknown,Special trade system,Unknown,2010,Yes,0,0,2012,0,Palau,Republic of Palau,1993,Unknown,Unknown,Unknown,0,Unknown,0
PAN,PA,Panamanian balboa,The new base year is 2007.,Latin America & Caribbean,Upper middle income,2007,0,VAB,IBRD,,2011,Actual,Special trade system,Consolidated central government,2010,Unknown,2011,2001,2013,2010,Panama,Republic of Panama,1993,6th,IMF,MICS,2013,IHS,2012
PNG,PG,Papua New Guinea kina,,East Asia & Pacific,Lower middle income,1998,0,VAB,Blend,,2011,Actual,General trade system,Budgetary central government,2011,Unknown,0,2001,2012,2005,Papua New Guinea,The Independent State of Papua New Guinea,1993,6th,IMF,LSMS,1996,IHS,2009
PRY,PY,Paraguayan guarani,"National accounts data have been revised from 1960 onward. The methodology and base year have not changed but the output of two hydroelectric plants (shared with neighboring countries) has been added raising GDP from previous estimates. On the supply side, it was added in ""gas, electricity and water."" On the demand side changes were mainly to exports, but also for imports, investment and consumption. National accounts price valuations for 1991 to 2012 have also been corrected and changed from VAP to VAB.",Latin America & Caribbean,Upper middle income,1994,0,VAB,IBRD,,2011,Actual,Special trade system,Consolidated central government,2012,Unknown,2008,2002,2013,2012,Paraguay,Republic of Paraguay,1993,6th,IMF,RHS,2008,IHS,2013
PER,PE,Peruvian new sol,The new base year is 2007.,Latin America & Caribbean,Upper middle income,2007,0,VAB,IBRD,,2011,Actual,Special trade system,Consolidated central government,2007,Unknown,2012,2011,2013,2008,Peru,Republic of Peru,1993,6th,IMF,DHS,2013,IHS,2013
PHL,PH,Philippine peso,"Source for GNI and net income from abroad is changed to national statistical office from central bank. April 2012 database update: National accounts data were revised for 1998 onward. Because intellectual property products are now reported as a part of gross fixed capital formation, gross domestic product (GDP) in current prices averaged 4 percent higher than previous estimates.",East Asia & Pacific,Lower middle income,2000,0,VAP,IBRD,,2011,Actual,General trade system,Budgetary central government,2010,Yes,2012,2008,2013,2009,Philippines,Republic of the Philippines,1993,6th,IMF,DHS,2013,ES/BS,2012
POL,PL,Polish zloty,,Europe & Central Asia,High income: OECD,2005,2005,VAB,IBRD,,0,Unknown,Special trade system,Consolidated central government,2011,Yes,2010,2011,2013,2009,Poland,Republic of Poland,2008,6th,IMF,Unknown,0,ES/BS,2012
PRT,PT,Euro,"A simple multiplier is used to convert the national currencies of EMU members to euros. The following irrevocable euro conversion rate was adopted by the EU Council on January 1, 1999: 1 euro = 200.482 Portuguese escudo. Please note that historical data before 1999 are not actual euros and are not comparable or suitable for aggregation across countries.",Europe & Central Asia,High income: OECD,2010,2010,VAB,,Euro area,0,Unknown,Special trade system,Consolidated central government,2011,Yes,2009,2010,2013,2002,Portugal,Portuguese Republic,2008,6th,IMF,Unknown,0,Unknown,0
PRI,PR,U.S. dollar,"Fiscal year end: June 30; reporting period for national accounts data: FY. April 2012 database update: Based on data from the Instituto de Estadísticas de Puerto Rico, national accounts data were revised for 2001 onward.",Latin America & Caribbean,High income: nonOECD,1953,0,VAP,,,0,Unknown,General trade system,Unknown,2010,Yes,2007,2006,0,2005,Puerto Rico,Puerto Rico,1968,Unknown,Unknown,RHS,1995,Unknown,0
QAT,QA,Qatari riyal,,Middle East & North Africa,High income: nonOECD,2013,0,VAP,,,2011,Unknown,Special trade system,Budgetary central government,2010,Yes,0,2010,2013,2005,Qatar,State of Qatar,1993,Unknown,Unknown,MICS,2012,Unknown,0
ROM,RO,New Romanian leu,,Europe & Central Asia,Upper middle income,2005,0,VAB,IBRD,,0,Actual,Special trade system,Consolidated central government,2011,Yes,2010,2011,2013,2009,Romania,Romania,1993,6th,IMF,RHS,2004,ES/BS,2012
RUS,RU,Russian ruble,,Europe & Central Asia,High income: nonOECD,2000,0,VAB,IBRD,,2011,Unknown,General trade system,Consolidated central government,2010,Yes,2014,2011,2013,2001,Russia,Russian Federation,1993,6th,IMF,WHS,2003,IHS,2013
RWA,RW,Rwandan franc,"Based on official government statistics, national accounts data are revised for 2006 onward; the new base year is 2011. Rwanda reports using SNA 2008.",Sub-Saharan Africa,Low income,2011,0,VAP,IDA,HIPC,2011,Actual,General trade system,Budgetary central government,2012,Unknown,2008,0,2013,2000,Rwanda,Republic of Rwanda,2008,6th,IMF,MIS,2013,IHS,2010
WSM,WS,Samoan tala,"Fiscal year ends on June 30; reporting period for national accounts data: FY. Data are revised from Samoa Bureau of Statistics and Central Bank of Samoa. The new base year is 2008/09. Other methodological changes include increased reliance on summary data from the countrys Value Added Goods and Services Tax system, incorporation of more recent benchmarks, and use of improved data sources.",East Asia & Pacific,Lower middle income,2008,0,VAB,IDA,,2011,Actual,Special trade system,Budgetary central government,2011,Unknown,2009,0,2013,0,Samoa,Samoa,1993,6th,IMF,DHS,2009,Unknown,0
SMR,SM,Euro,,Europe & Central Asia,High income: nonOECD,1995,2000,VAB,,,0,Unknown,Unknown,Consolidated central government,2010,Yes,0,0,0,0,San Marino,Republic of San Marino,1993,Unknown,Unknown,Unknown,0,Unknown,0
STP,ST,São Tomé and Principe dobra,,Sub-Saharan Africa,Lower middle income,2001,0,VAP,IDA,HIPC,2011,Actual,Special trade system,Budgetary central government,2012,Unknown,2011,0,2013,1993,São Tomé and Principe,Democratic Republic of São Tomé and Principe,1993,6th,IMF,MICS,2014,PS,2010
SAU,SA,Saudi Arabian riyal,The new base year is 2010.,Middle East & North Africa,High income: nonOECD,2010,0,VAP,,,2011,Unknown,Special trade system,Unknown,2010,Unknown,2010,2006,2013,2006,Saudi Arabia,Kingdom of Saudi Arabia,1993,6th,IMF,Unknown,2007,Unknown,0
SEN,SN,West African CFA franc,,Sub-Saharan Africa,Lower middle income,1999,0,VAB,IDA,HIPC,2011,Actual,General trade system,Budgetary central government,2013,Unknown,2013,2010,2012,2002,Senegal,Republic of Senegal,1993,6th,IMF,HIV,2014,PS,2011
SRB,RS,New Serbian dinar,"Montenegro declared independence from Serbia and Montenegro on June 3, 2006. Where available, data for each country are shown separately. However, for Serbia, some indicators, such as those series for which data appear only for Serbia and not Montenegro--e.g., aid, environment, external debt, balance of payments, various social indicators excluding population--continue to include data for Montenegro through 2005. Moreover, data from 1999 onward for Serbia for most indicators exclude data for Kosovo, 1999 being the year when Kosovo became a territory under international administration pursuant to UN Security Council Resolution 1244 (1999); any exceptions are noted. Kosovo became a World Bank member on June 29, 2009; available data are shown separately for Kosovo. In 2011, the Statistical Office of Serbia improved the methodology of national accounts data for 2003 onward. Specifically, the classification of sectors was revised. The new reference year for chain linked series is 2010.",Europe & Central Asia,Upper middle income,2010,2010,VAB,IBRD,,0,Actual,Special trade system,Consolidated central government,2011,Yes,2012,2011,0,2009,Serbia,Republic of Serbia,1993,6th,IMF,MICS,2014,IHS,2011
SYC,SC,Seychelles rupee,"April 2013 database update: Based on official government statistics, national accounts data were revised for 1976 onward; the base year changed to 2006.",Sub-Saharan Africa,High income: nonOECD,2006,0,VAB,IBRD,,2011,Actual,General trade system,Consolidated central government,2010,Yes,2011,0,2008,2005,Seychelles,Republic of Seychelles,1993,6th,IMF,Unknown,0,BS,2006
SLE,SL,Sierra Leonean leone,"Fiscal year end: June 30; reporting period for national accounts data: CY. April 2013 database update: Based on official government statistics, national accounts data were revised for 1990 onward; the base year changed to 2006.",Sub-Saharan Africa,Low income,2006,0,VAB,IDA,HIPC,2011,Actual,Special trade system,Budgetary central government,2004,Unknown,0,2008,2002,2005,Sierra Leone,Republic of Sierra Leone,1993,6th,IMF,DHS,2013,IHS,2011
SGP,SG,Singapore dollar,Fiscal year end: March 31; reporting period for national accounts data: CY. Country reports using a blend of SNA 1993 and SNA 2008. April 2012 database update: National accounts time series were replaced with official government statistics.,East Asia & Pacific,High income: nonOECD,2010,0,VAB,,,2011,Unknown,General trade system,Consolidated central government,2010,Yes,0,2011,2013,1975,Singapore,Republic of Singapore,2008,6th,IMF,NHS,2010,Unknown,0
SXM,SX,Netherlands Antillean guilder,,Latin America & Caribbean,High income: nonOECD,0,0,,,,2011,Unknown,Unknown,Unknown,2011,Yes,0,0,0,0,Sint Maarten (Dutch part),Sint Maarten (Dutch part),1993,Unknown,Unknown,Unknown,0,Unknown,0
SVK,SK,Euro,"A simple multiplier is used to convert the national currencies of EMU members to euros. The following irrevocable euro conversion rate entered into force on January 1, 2009: 1 euro = 30.126 Slovak koruna. Please note that historical data are not actual euros and are not comparable or suitable for aggregation across countries.",Europe & Central Asia,High income: OECD,2010,2010,VAB,,Euro area,0,Unknown,Special trade system,Consolidated central government,2011,Yes,2010,2010,2013,2007,Slovak Republic,Slovak Republic,2008,6th,IMF,WHS,2003,IS,2012
SVN,SI,Euro,"A simple multiplier is used to convert the national currencies of EMU members to euros. The following irrevocable euro conversion rate entered into force on January 1, 2007: 1 euro = 239.64 Slovenian tolar. Please note that historical data are not actual euros and are not comparable or suitable for aggregation across countries.",Europe & Central Asia,High income: OECD,2010,2010,VAB,,Euro area,0,Unknown,Special trade system,Consolidated central government,2011,Yes,2010,2011,2013,2009,Slovenia,Republic of Slovenia,2008,6th,IMF,WHS,2003,ES/BS,2012
SLB,SB,Solomon Islands dollar,National accounts data have been revised from 2007 to 2013 based on IMF reports.,East Asia & Pacific,Lower middle income,2004,0,VAB,IDA,,2011,Estimate,Special trade system,Unknown,2009,Unknown,2012,0,2013,0,Solomon Islands,Solomon Islands,1993,6th,IMF,Unknown,0,IHS,2005
SOM,SO,Somali shilling,,Sub-Saharan Africa,Low income,1985,0,VAB,IDA,HIPC,0,Estimate,Unknown,Unknown,1987,Unknown,0,0,0,2003,Somalia,Somali Democratic Republic,1968,Unknown,Unknown,MICS,2006,Unknown,0
ZAF,ZA,South African rand,Fiscal year end: March 31; reporting period for national accounts data: CY. The new base year is 2010. South Africa reports using SNA 2008.,Sub-Saharan Africa,Upper middle income,2010,0,VAB,IBRD,,2011,Preliminary,General trade system,Consolidated central government,2011,Unknown,2007,2010,2013,2000,South Africa,Republic of South Africa,2008,6th,IMF,DHS,2003,ES/BS,2010
SSD,SS,South Sudanese Pound,"South Sudan declared its independence on July 9, 2011. Data are shown separately for South Sudan where available.",Sub-Saharan Africa,Low income,2009,0,,IDA,,0,Unknown,Unknown,Unknown,2008,Unknown,0,0,2012,2011,South Sudan,Republic of South Sudan,1993,Unknown,Unknown,MICS,2010,ES/BS,2009
ESP,ES,Euro,"A simple multiplier is used to convert the national currencies of EMU members to euros. The following irrevocable euro conversion rate was adopted by the EU Council on January 1, 1999: 1 euro = 166.386 Spanish peseta. Please note that historical data before 1999 are not actual euros and are not comparable or suitable for aggregation across countries.",Europe & Central Asia,High income: OECD,2010,2010,VAB,,Euro area,0,Unknown,Special trade system,Consolidated central government,2011,Yes,2010,2010,2013,2008,Spain,Kingdom of Spain,2008,6th,IMF,Unknown,0,IHS,2010
LKA,LK,Sri Lankan rupee,,South Asia,Lower middle income,2002,0,VAP,Blend,,2011,Actual,General trade system,Budgetary central government,2012,Yes,2013,2010,2013,2005,Sri Lanka,Democratic Socialist Republic of Sri Lanka,1993,6th,IMF,DHS,2006,ES/BS,2013
KNA,KN,East Caribbean dollar,"April 2012 database update: Based on official government statistics, national accounts data were revised for 2000 onward; the base year changed to 2006.",Latin America & Caribbean,High income: nonOECD,2006,0,VAB,IBRD,,2011,Unknown,Special trade system,Budgetary central government,2011,Yes,0,0,2011,0,St. Kitts and Nevis,St. Kitts and Nevis,1993,6th,IMF,Unknown,0,Unknown,0
LCA,LC,East Caribbean dollar,"April 2012 database update: Based on official government statistics, national accounts data were revised for 2000 onward; the base year changed to 2006.",Latin America & Caribbean,Upper middle income,2006,0,VAB,Blend,,2011,Actual,Special trade system,Budgetary central government,2010,Yes,2007,0,2008,2005,St. Lucia,St. Lucia,1968,6th,IMF,MICS,2012,IHS,1995
MAF,MF,Euro,,Latin America & Caribbean,High income: nonOECD,0,0,,,,0,Unknown,Unknown,Unknown,0,Unknown,0,0,0,0,St. Martin (French part),St. Martin (French part),1993,Unknown,Unknown,Unknown,0,Unknown,0
VCT,VC,East Caribbean dollar,"April 2012 database update: Based on official government statistics, national accounts data were revised for 2000 onward; the base year changed to 2006.",Latin America & Caribbean,Upper middle income,2006,0,VAB,Blend,,2011,Actual,Special trade system,Budgetary central government,2011,Yes,0,0,2012,1995,St. Vincent and the Grenadines,St. Vincent and the Grenadines,1993,6th,IMF,Unknown,0,Unknown,0
SDN,SD,Sudanese pound,"Demographic data (total population, life expectancy, fertility, child mortality, migration), education series, and HIV prevalence are reported separately for Sudan and South Sudan; see specific notes for other series. National accounts data exclude South Sudan after July 9, 2011. Other data reported for Sudan generally include South Sudan to 2011 unless otherwise noted. External debt data and land-related data (including population density, but excluding surface area after 2010) for all years include South Sudan.",Sub-Saharan Africa,Lower middle income,1981,1996,VAB,IDA,HIPC,2011,Preliminary,General trade system,Budgetary central government,2008,Unknown,2013,2001,2011,2011,Sudan,Republic of the Sudan,1968,6th,IMF,MICS,2014,ES/BS,2009
SUR,SR,Suriname dollar,,Latin America & Caribbean,Upper middle income,2007,0,VAB,IBRD,,2011,Unknown,General trade system,Budgetary central government,2012,Yes,2008,2004,2011,2006,Suriname,Republic of Suriname,1993,6th,IMF,MICS,2010,ES/BS,1999
SWZ,SZ,Swaziland lilangeni,Fiscal year end: March 31; reporting period for national accounts data: CY.,Sub-Saharan Africa,Lower middle income,2011,0,VAB,IBRD,,2011,Actual,General trade system,Consolidated central government,2007,Unknown,2007,0,2007,2000,Swaziland,Kingdom of Swaziland,1993,6th,IMF,MICS,2014,ES/BS,2009
SWE,SE,Swedish krona,Fiscal year end: June 30; reporting period for national accounts data: CY.,Europe & Central Asia,High income: OECD,2010,2010,VAB,,,0,Unknown,General trade system,Consolidated central government,2011,Yes,2010,2010,2013,2007,Sweden,Kingdom of Sweden,2008,6th,IMF,Unknown,0,IS,2005
CHE,CH,Swiss franc,,Europe & Central Asia,High income: OECD,2010,2010,VAB,,,0,Unknown,Special trade system,Consolidated central government,2010,Yes,2008,2010,2013,2000,Switzerland,Switzerland,2008,6th,IMF,Unknown,0,ES/BS,2004
SYR,SY,Syrian pound,"April 2013 database update: Based on data from the Central Bureau of Statistics, national accounts data were revised for 2003 onward.",Middle East & North Africa,Lower middle income,2000,0,VAB,IBRD,,2011,Estimate,Special trade system,Budgetary central government,2004,Unknown,2014,2005,2010,2005,Syrian Arab Republic,Syrian Arab Republic,1968,6th,IMF,MICS,2006,ES/BS,2004
TJK,TJ,Tajik somoni,,Europe & Central Asia,Lower middle income,2000,2000,VAB,IDA,,2011,Actual,General trade system,Consolidated central government,2010,Unknown,2013,0,2000,2006,Tajikistan,Republic of Tajikistan,1993,6th,IMF,DHS,2012,LSMS,2009
TZA,TZ,Tanzanian shilling,The new base year is 2007. Tanzania reports using a blend of SNA 1993 and SNA 2008.,Sub-Saharan Africa,Low income,2007,0,VAB,IDA,HIPC,2011,Actual,General trade system,Budgetary central government,2012,Unknown,2007,2010,2013,2002,Tanzania,United Republic of Tanzania,2008,6th,IMF,HIV,2014,ES/BS,2011
THA,TH,Thai baht,Fiscal year end: September 30; reporting period for national accounts data: CY.,East Asia & Pacific,Upper middle income,2002,0,VAP,IBRD,,2011,Actual,Special trade system,Consolidated central government,2010,Unknown,2013,2006,2013,2007,Thailand,Kingdom of Thailand,1993,6th,IMF,MICS,2012,IHS,2011
BHS,BS,Bahamian dollar,,Latin America & Caribbean,High income: nonOECD,2006,0,VAB,,,2011,Unknown,General trade system,Budgetary central government,2010,Unknown,0,0,2013,0,The Bahamas,Commonwealth of The Bahamas,1993,6th,IMF,Unknown,0,Unknown,0
GMB,GM,Gambian dalasi,"Fiscal year end: June 30; reporting period for national accounts data: CY. April 2013 database update: Based on official government statistics, national accounts data were revised for 2004 onward; the base year changed to 2004.",Sub-Saharan Africa,Low income,2004,0,VAP,IDA,HIPC,2011,Actual,General trade system,Budgetary central government,2013,Unknown,0,2004,2013,2000,The Gambia,Republic of The Gambia,1993,6th,IMF,DHS,2013,IHS,2010
TMP,TL,U.S. dollar,"Based on official government statistics, national account data have been revised, and value added is measured at basic prices; the new base year is 2010.",East Asia & Pacific,Lower middle income,2010,0,VAB,Blend,,0,Unknown,Special trade system,Unknown,2010,Unknown,2010,0,2013,2004,Timor-Leste,Democratic Republic of Timor-Leste,2008,Unknown,Unknown,DHS,2009,LSMS,2007
TGO,TG,West African CFA franc,"April 2013 database update: Based on IMF data, national accounts data have been revised for 2000; the new base year is 2000.",Sub-Saharan Africa,Low income,2000,0,VAP,IDA,HIPC,2011,Actual,Special trade system,Budgetary central government,2010,Unknown,2011,0,2013,2002,Togo,Republic of Togo,1968,6th,IMF,DHS,2013,CWIQ,2011
TON,TO,Tongan pa'anga,"2013 national accounts estimates are based on IMF reports. Fiscal year ends on June 30; reporting period for national accounts data: FY. April 2013 database update: Based on data from the National Bureau of Statistics, national accounts data were revised; the base year changed to 2010/11.",East Asia & Pacific,Upper middle income,2010,0,VAB,IDA,,2011,Actual,General trade system,Unknown,2006,Unknown,0,0,2012,0,Tonga,Kingdom of Tonga,1993,6th,IMF,Unknown,0,Unknown,0
TTO,TT,Trinidad and Tobago dollar,,Latin America & Caribbean,High income: nonOECD,2000,0,VAB,IBRD,,2011,Unknown,Special trade system,Consolidated central government,2011,Yes,0,2006,2010,2000,Trinidad and Tobago,Republic of Trinidad and Tobago,1993,6th,IMF,MICS,2011,IHS,1992
TUN,TN,Tunisian dinar,,Middle East & North Africa,Upper middle income,2010,0,VAB,IBRD,,2011,Actual,General trade system,Consolidated central government,2014,Unknown,2014,2010,2013,2001,Tunisia,Republic of Tunisia,1993,6th,IMF,MICS,2011,IHS,2010
TUR,TR,New Turkish lira,,Europe & Central Asia,Upper middle income,1998,0,VAB,IBRD,,0,Actual,Special trade system,Consolidated central government,2011,Yes,0,2009,2013,2003,Turkey,Republic of Turkey,1993,6th,IMF,TDHS,2008,ES/BS,2011
TKM,TM,New Turkmen manat,"On January 1, 2009, the Turkmen manat was redenominated (1 new manat = 5,000 old manats).",Europe & Central Asia,Upper middle income,2005,0,VAB,IBRD,,0,Estimate,General trade system,Unknown,2012,Unknown,0,0,2000,2004,Turkmenistan,Turkmenistan,1993,6th,IMF,MICS,2006,LSMS,1998
TCA,TC,U.S. dollar,,Latin America & Caribbean,High income: nonOECD,0,0,,,,2011,Unknown,General trade system,Unknown,2012,Yes,0,0,2012,0,Turks and Caicos Islands,Turks and Caicos Islands,1993,Unknown,Unknown,Unknown,0,Unknown,0
TUV,TV,Australian dollar,2013 national accounts estimates are based on IMF reports. Value added is measured at producer prices up to 1999 and at basic prices from 2000 onward.,East Asia & Pacific,Upper middle income,2005,0,VAB,IDA,,2011,Unknown,General trade system,Unknown,2012,Unknown,0,0,2008,0,Tuvalu,Tuvalu,1968,Unknown,Unknown,Unknown,0,Unknown,0
UGA,UG,Ugandan shilling,Fiscal year end: June 30; reporting period for national accounts data: FY. Based on official government statistics; the new base year is 2009/10. Uganda reports using SNA 2008. Price valuation is in producer prices.,Sub-Saharan Africa,Low income,2009,0,VAB,IDA,HIPC,2011,Actual,General trade system,Budgetary central government,2014,Unknown,2008,0,2013,2002,Uganda,Republic of Uganda,2008,6th,IMF,MIS,2014,IHS,2012
UKR,UA,Ukrainian hryvnia,,Europe & Central Asia,Lower middle income,2003,2003,VAB,IBRD,,2011,Actual,General trade system,Consolidated central government,2001,Yes,2012,2004,2013,2005,Ukraine,Ukraine,1993,6th,IMF,MICS,2012,ES/BS,2013
ARE,AE,U.A.E. dirham,"April 2013 database update: Based on data from the National Bureau of Statistics, national accounts data were revised for 2001 onward; the base year changed to 2007.",Middle East & North Africa,High income: nonOECD,2007,0,VAP,,,2011,Unknown,General trade system,Consolidated central government,2010,Unknown,2012,2010,2011,2005,United Arab Emirates,United Arab Emirates,1993,6th,IMF,WHS,2003,Unknown,0
GBR,GB,Pound sterling,,Europe & Central Asia,High income: OECD,2010,2010,VAB,,,0,Unknown,General trade system,Consolidated central government,2011,Yes,2010,2010,2013,2007,United Kingdom,United Kingdom of Great Britain and Northern Ireland,2008,6th,IMF,Unknown,0,IS,2010
USA,US,U.S. dollar,Fiscal year end: September 30; reporting period for national accounts data: CY.,North America,High income: OECD,2010,2010,VAB,,,2011,Unknown,General trade system,Consolidated central government,2010,Yes,2012,2008,2013,2005,United States,United States of America,2008,6th,IMF,Unknown,0,LFS,2010
URY,UY,Uruguayan peso,"In 2011, the Central Bank revised national accounts data for 2006 onward.",Latin America & Caribbean,High income: nonOECD,2005,0,VAB,IBRD,,2011,Unknown,General trade system,Consolidated central government,2011,Yes,2011,2009,2013,2000,Uruguay,Oriental Republic of Uruguay,1993,6th,IMF,MICS,2012,IHS,2013
UZB,UZ,Uzbek sum,,Europe & Central Asia,Lower middle income,1997,1997,VAB,Blend,,0,Actual,General trade system,Unknown,1989,Yes,0,0,0,2005,Uzbekistan,Republic of Uzbekistan,1993,6th,IMF,MICS,2006,ES/BS,2011
VUT,VU,Vanuatu vatu,"2013 national accounts estimates are based on IMF reports. Based on official government statistics, value added is measured at producer prices through 1997 and at basic prices from 1998 onward.",East Asia & Pacific,Lower middle income,2006,0,VAB,IDA,,2011,Estimate,General trade system,Budgetary central government,2009,Unknown,2007,0,2011,0,Vanuatu,Republic of Vanuatu,1993,6th,IMF,MICS,2007,Unknown,0
VEN,VE,Venezuelan bolivar fuerte,,Latin America & Caribbean,High income: nonOECD,1997,0,VAB,IBRD,,2011,Actual,General trade system,Consolidated central government,2011,Yes,2007,0,2011,2000,Venezuela,República Bolivariana de Venezuela,1993,6th,IMF,MICS,2000,IHS,2012
VNM,VN,Vietnamese dong,"Based on data from the Vietnam Statistics Office, national accounts data have been revised from 2000 onward; the new base year is 2010.",East Asia & Pacific,Lower middle income,2010,0,VAP,Blend,,2011,Actual,General trade system,Unknown,2009,Yes,2011,2011,2013,2005,Vietnam,Socialist Republic of Vietnam,1993,6th,IMF,MICS,2013,IHS,2012
VIR,VI,U.S. dollar,,Latin America & Caribbean,High income: nonOECD,1982,0,,,,0,Unknown,General trade system,Unknown,2010,Yes,2007,0,0,0,Virgin Islands,Virgin Islands of the United States,1968,Unknown,Unknown,Unknown,0,Unknown,0
YEM,YE,Yemeni rial,"Based on official government statistics and International Monetary Fund data, national accounts data have been revised for 1990 onward. The new base year is 2007.",Middle East & North Africa,Lower middle income,2007,0,VAP,IDA,,2011,Estimate,Special trade system,Budgetary central government,2004,Unknown,0,2009,2013,2005,Yemen,Republic of Yemen,1993,6th,IMF,DHS,2013,ES/BS,2005
ZMB,ZM,New Zambian kwacha,"The new base year is 2010. National accounts data were rebased to reflect the January 1, 2013, introduction of the new Zambian kwacha at a rate of 1,000 old kwacha = 1 new kwacha. Zambia reports using SNA 2008.",Sub-Saharan Africa,Lower middle income,2010,0,VAB,IDA,HIPC,2011,Actual,Special trade system,Budgetary central government,2010,Unknown,2010,0,2013,2002,Zambia,Republic of Zambia,2008,6th,IMF,DHS,2013,IHS,2010
ZWE,ZW,U.S. dollar,"Fiscal year end: June 30; reporting period for national accounts data: CY. As of January 2009, multiple hard currencies, such as rand, pound sterling, euro and U.S. dollar are in use. Data are reported in U.S. dollars, the most-used currency.",Sub-Saharan Africa,Low income,2009,0,VAB,Blend,,2011,Actual,General trade system,Consolidated central government,2012,Unknown,0,0,2013,2002,Zimbabwe,Republic of Zimbabwe,1993,6th,IMF,MICS,2014,IHS,2011
